quantity	cardName	price	description
1	Pelakka Wurm	0,19 €	Pelakka Wurm#154
1	Gaea's Blessing	0,11 €	Gaea's Blessing#10
1	Vraska, Relic Seeker	2,14 €	Vraska, Relic Seeker#232
1	Bloodcrazed Paladin	0,27 €	Bloodcrazed Paladin#93
1	Fathom Fleet Captain	0,35 €	Fathom Fleet Captain#106
1	Ripjaw Raptor	1,56 €	Ripjaw Raptor#203
1	Regisaur Alpha	0,66 €	Regisaur Alpha#227
1	Ruthless Knave	0,12 €	Ruthless Knave#119
2	Seekers' Squire	0,16 €	Seekers' Squire#121
1	Drover of the Mighty	0,19 €	Drover of the Mighty#187
4	Spell Pierce	0,19 €	Spell Pierce#81
3	Golden Guardian // Gold-Forge Garrison	0,35 €	Golden Guardian // Gold-Forge Garrison#179
1	Crested Herdcaller	0,12 €	Crested Herdcaller#126
1	Jaya Ballard	1,94 €	Jaya Ballard#132
1	Weatherlight	0,58 €	Weatherlight#237
1	Urza's Ruinous Blast	0,58 €	Urza's Ruinous Blast#39
2	The Mirari Conjecture	0,20 €	The Mirari Conjecture#57
1	Josu Vess, Lich Knight	0,47 €	Josu Vess, Lich Knight#95
1	The Mending of Dominaria	0,27 €	The Mending of Dominaria#173
1	Territorial Allosaurus	0,27 €	Territorial Allosaurus#184
2	Blackblade Reforged	0,97 €	Blackblade Reforged#211
1	Helm of the Host	2,73 €	Helm of the Host#217
1	Thran Temporal Gateway	0,27 €	Thran Temporal Gateway#233
1	Traxos, Scourge of Kroog	0,35 €	Traxos, Scourge of Kroog#234
1	Fungal Plots	0,12 €	Fungal Plots#160
1	Song of Freyalise	0,46 €	Song of Freyalise#179
2	Adventurous Impulse	0,12 €	Adventurous Impulse#153
2	Mentor of the Meek	0,35 €	Mentor of the Meek#27
1	Sigiled Sword of Valeron	0,19 €	Sigiled Sword of Valeron#244
2	Transmogrifying Wand	0,19 €	Transmogrifying Wand#247
1	Doublecast	0,15 €	Doublecast#137
2	Reclamation Sage	0,19 €	Reclamation Sage#196
1	Bounty Agent	0,15 €	Bounty Agent#2
1	Mausoleum Secrets	0,35 €	Mausoleum Secrets#75
2	Camaraderie	0,15 €	Camaraderie#157
1	Deafening Clarion	1,16 €	Deafening Clarion#165
2	Emmara, Soul of the Accord	0,46 €	Emmara, Soul of the Accord#168
1	Izoni, Thousand-Eyed	0,35 €	Izoni, Thousand-Eyed#180
1	Conclave Tribunal	0,16 €	Conclave Tribunal#6
2	Chemister's Insight	0,35 €	Chemister's Insight#32
2	Sinister Sabotage	0,35 €	Sinister Sabotage#54
1	Conclave Guildmage	0,12 €	Conclave Guildmage#162
1	Disinformation Campaign	0,12 €	Disinformation Campaign#167
1	Ledev Champion	0,12 €	Ledev Champion#186
1	Zahid, Djinn of the Lamp	0,15 €	Zahid, Djinn of the Lamp#026
1	Gruesome Fate	0,12 €	Gruesome Fate#030
1	Mass Manipulation	0,47 €	Mass Manipulation#42
1	End-Raze Forerunners	0,19 €	End-Raze Forerunners#124
1	Ministrant of Obligation	0,12 €	Ministrant of Obligation#16
2	Vindictive Vampire	0,12 €	Vindictive Vampire#90
2	Finale of Glory	1,36 €	Finale of Glory#12
1	Ignite the Beacon	0,19 €	Ignite the Beacon#18
1	Planewide Celebration	0,19 €	Planewide Celebration#172
3	Vivien, Champion of the Wilds	2,33 €	Vivien, Champion of the Wilds#180
1	Domri, Anarch of Bolas	0,97 €	Domri, Anarch of Bolas#191
2	Ral, Storm Conduit	1,36 €	Ral, Storm Conduit#211
1	Time Wipe	0,47 €	Time Wipe#223
1	Grateful Apparition	0,12 €	Grateful Apparition#17
2	Teyo, the Shieldmage	0,16 €	Teyo, the Shieldmage#32
2	The Wanderer	0,19 €	The Wanderer#37
2	Augur of Bolas	0,16 €	Augur of Bolas#41
1	Arlinn, Voice of the Pack	0,12 €	Arlinn, Voice of the Pack#150
2	Jiang Yanggu, Wildcrafter	0,12 €	Jiang Yanggu, Wildcrafter#164
1	Mowu, Loyal Companion	0,12 €	Mowu, Loyal Companion#167
1	Huatli's Raptor	0,12 €	Huatli's Raptor#200
2	Pledge of Unity	0,12 €	Pledge of Unity#210
1	Huatli, the Sun's Heart	0,12 €	Huatli, the Sun's Heart#230
1	Vraska, Swarm's Eminence	0,16 €	Vraska, Swarm's Eminence#236
1	Pollenbright Druid	0,12 €	Pollenbright Druid#173
1	Gideon, the Oathsworn	2,73 €	Gideon, the Oathsworn#265
1	Trinisphere	20,50 €	Trinisphere#154
1	Trinisphere	20,00 €	Trinisphere#154
3	Utopia Sprawl	1,00 €	Utopia Sprawl#99
1	Beast Within	0,65 €	Beast Within#190alb
1	Beast Within	0,65 €	Beast Within#1904
1	Bolas's Citadel	0,69 €	Bolas's Citadel#79
1	Nissa, Who Shakes the World	3,75 €	Nissa, Who Shakes the World#1694n
1	Bioessence Hydra	0,18 €	Bioessence Hydra#186
1	Merfolk Skydiver	0,09 €	Merfolk Skydiver#205
2	Lava Dart	0,05 €	Lava Dart#134alb
2	Shifting Ceratops	2,88 €	Shifting Ceratops#194r
1	Grafdigger's Cage	1,45 €	Grafdigger's Cage#227r
4	Ohran Viper	0,49 €	Ohran Viper#57Largest Spanish MTG Store
3	Nissa, Vastwood Seer // Nissa, Sage Animist	4,45 €	Nissa, Vastwood Seer // Nissa, Sage Animist#189Best Pool - Crazy Deals - Top Service
2	Veil of Summer	1,95 €	Veil of Summer#198Standard Full Stock - Storm Series
1	Savor the Moment	2,12 €	Savor the Moment#50Ex+/Nm-
4	Lotus Field	4,40 €	Lotus Field#249Shipping everyday in bubbles enveloppe
1	Merchant Scroll	3,30 €	Merchant Scroll#91
4	Twiddle	0,20 €	Twiddle#111
4	Dream's Grip	0,30 €	Dream's Grip#34
2	Echoing Truth	1,00 €	Echoing Truth#21
1	Eye of Nowhere	0,30 €	Eye of Nowhere#59
4	Peer Through Depths	0,30 €	Peer Through Depths#78
4	Psychic Puppetry	0,30 €	Psychic Puppetry#80
4	Reach Through Mists	0,30 €	Reach Through Mists#81
3	Ideas Unbound	0,75 €	Ideas Unbound#40
2	Gigadrowse	0,50 €	Gigadrowse#26
4	Grapeshot	0,60 €	Grapeshot#160
4	Dictate of Kruphix	1,75 €	Dictate of Kruphix#37
1	Mikokoro, Center of the Sea	4,40 €	Mikokoro, Center of the Sea#241
3	Lonely Sandbar	0,20 €	Lonely Sandbar#257
1	Lonely Sandbar	0,20 €	Lonely Sandbar#264
4	Arboreal Grazer	0,25 €	Arboreal Grazer#149
2	Rebuild	0,30 €	Rebuild#66
2	Tolaria West	6,00 €	Tolaria West#173
2	Reflector Mage	1,25 €	Reflector Mage#157
1	Venser, Shaper Savant	5,50 €	Venser, Shaper Savant#55
1	Golos, Tireless Pilgrim	1,25 €	Golos, Tireless Pilgrim#226
2	Ojutai's Command	0,95 €	Ojutai's Command#227NM ---- Mazinger Vigo ---- Daily Shipments
4	Mutagenic Growth	1,95 €	Mutagenic Growth#149NM ---- Mazinger Vigo ---- Daily Shipments
2	Empty the Warrens	0,23 €	Empty the Warrens#15M / NM ---- Mazinger Vigo ---- Daily Shipments ---- We combine all preorders
3	Runaway Steam-Kin	0,64 €	Runaway Steam-Kin#115M / NM ---- Mazinger Vigo ---- Daily Shipments -
1	Runaway Steam-Kin	1,15 €	Runaway Steam-Kin#115M / NM ---- Mazinger Vigo ---- Daily Shipments -
2	Sphinx's Revelation	2,45 €	Sphinx's Revelation#21M / NM ---- Mazinger Vigo ---- Daily Shipments -
3	Aria of Flame	0,95 €	Aria of Flame#118M / NM ---- Mazinger Vigo ---- Daily Shipments ---- We combine all preorders
4	Wall of Blossoms	0,14 €	Wall of Blossoms#190M / NM ---- Mazinger Vigo ---- Daily Shipments ---- We combine all preorders
4	Soulherder	0,29 €	Soulherder#214M / NM ---- Mazinger Vigo ---- Daily Shipments ---- We combine all preorders
4	Ephemerate	0,14 €	Ephemerate#7M / NM ---- Mazinger Vigo ---- Daily Shipments ---- We combine all preorders
2	Lava Dart	0,10 €	Lava Dart#134M / NM ---- Mazinger Vigo ---- Daily Shipments ---- We combine all preorders
2	Past in Flames	8,50 €	Past in Flames#155UR storm
1	Parhelion II	0,10 €	Parhelion II#24
1	Fog	0,14 €	Fog#172Selling my Collection
3	Fog	0,14 €	Fog#171Selling my Collection
4	Prized Amalgam	2,89 €	Prized Amalgam#249Selling my Collection
4	Aether Hub	0,24 €	Aether Hub#242Selling my Collection
1	Teferi, Hero of Dominaria	28,00 €	Teferi, Hero of Dominaria#207Selling my Collection
3	Kamahl's Druidic Vow	0,25 €	Kamahl's Druidic Vow#166Selling my Collection
2	Oath of Teferi	0,43 €	Oath of Teferi#200Selling my Collection
2	Arclight Phoenix	10,47 €	Arclight Phoenix#91Selling my Collection
4	Drowned Secrets	0,99 €	Drowned Secrets#39Selling my Collection
2	Mission Briefing	1,10 €	Mission Briefing#44Selling my Collection
3	Narcomoeba	0,49 €	Narcomoeba#47Selling my Collection
1	Narcomoeba	0,75 €	Narcomoeba#47Selling my Collection
2	Sinister Sabotage	0,29 €	Sinister Sabotage#54Selling my Collection
4	Creeping Chill	0,22 €	Creeping Chill#66Selling my Collection
3	Drown in the Loch	1,19 €	Drown in the Loch#188Selling my Collection
4	Merfolk Secretkeeper // Venture Deeper	0,09 €	Merfolk Secretkeeper // Venture Deeper#53Selling my Collection
4	Mystic Sanctuary	0,15 €	Mystic Sanctuary#247Selling my Collection
4	Treasure Cruise	0,09 €	Treasure Cruise#59Almost every STANDARD (T2) Card! Shipping Daily!!!
4	Double-Faced Card Proxy Checklist	0,98 €	Double-Faced Card Proxy ChecklistAlmost every STANDARD (T2) Card! Shipping Daily!!!
4	Haunted Dead	0,14 €	Haunted Dead#92Almost every STANDARD (T2) Card! Shipping Daily!!!
4	Discovery // Dispersal	0,74 €	Discovery // Dispersal#223Almost every STANDARD (T2) Card! Shipping Daily!!!
2	Into the Story	0,14 €	Into the Story#50Almost every STANDARD (T2) Card! Shipping Daily!!!
1	Into the Story	0,24 €	Into the Story#50Almost every STANDARD (T2) Card! Shipping Daily!!!
3	Mystical Dispute	0,21 €	Mystical Dispute#58Almost every STANDARD (T2) Card! Shipping Daily!!!
2	Didn't Say Please	0,04 €	Didn't Say Please#42Almost every STANDARD (T2) Card! Shipping Daily!!!
2	Wistful Selkie	0,10 €	Wistful Selkie#165
2	Wistful Selkie	0,30 €	Wistful Selkie#165
1	Summoning Trap	0,35 €	Summoning Trap#184
2	Tasigur, the Golden Fang	0,65 €	Tasigur, the Golden Fang#87
1	Summoning Trap	0,45 €	Summoning Trap#139
1	Interplanar Beacon	0,10 €	Interplanar Beacon#247
4	Fae of Wishes // Granted	0,65 €	Fae of Wishes // Granted#44
4	Lucky Clover	0,10 €	Lucky Clover#226
1	Nykthos, Shrine to Nyx	12,98 €	Nykthos, Shrine to Nyx#223Nm-
1	Steam Vents	11,47 €	Steam Vents#257
4	Stitcher's Supplier	2,48 €	Stitcher's Supplier#121Binder M
1	Elderscale Wurm	2,00 €	Elderscale Wurm#167Fast and Secure shipping.
1	Prowling Serpopard	1,45 €	Prowling Serpopard#180Fast and Secure shipping.
4	Driven // Despair	0,25 €	Driven // Despair#157Fast and Secure shipping.
1	Vigor	3,50 €	Vigor#215Fast and Secure shipping. light water damage on the bottom
2	Castle Vantress	1,75 €	Castle Vantress#242Fast and Secure shipping.
1	Wistful Selkie	0,69 €	Wistful Selkie#165
3	Tome Scour	0,22 €	Tome Scour#76
3	Grisly Salvage	0,19 €	Grisly Salvage#165*[NM] *More from RETURN TO RAVNICA* FNM* Books* Player Rewards* Dice*Signed cards Tokens*10Sin
1	Grisly Salvage	0,25 €	Grisly Salvage#165*[NM] *More from RETURN TO RAVNICA* FNM* Books* Player Rewards* Dice*Signed cards Tokens*10Sin
1	Far // Away	0,29 €	Far // Away#127[NM] More from DRAGON’s MAZE FNMDCI JUDGE REWARDS DICE Memorabilia
1	Thalia's Lancers	0,19 €	Thalia's Lancers#47[NM] Every card from ELDRITCH MOON Books Dice STORAGE BOXES From The VAULT
1	Peacewalker Colossus	0,12 €	Peacewalker Colossus#170
1	Tishana, Voice of Thunder	1,79 €	Tishana, Voice of Thunder#230[NM] More cards from IXALAN Life CounterPromo PreRelease Player Rewards FNM
1	Conqueror's Galleon / Conqueror's Foothold	0,25 €	Conqueror's Galleon / Conqueror's Foothold#234NM - AF
1	Hanna, Ship's Navigator	1,25 €	Hanna, Ship's Navigator#206
2	Thought Erasure	0,74 €	Thought Erasure#206* [NM] * More GUILDS OF RAVNICA *Memorabilia * Premium Decks * FNM * PLAYER Guides *
1	Artisan of Kozilek	0,19 €	Artisan of Kozilek#2
1	Skewer the Critics	0,44 €	Skewer the Critics#115*[NM]* More from RAVNICA ALLEGIANCE *Foil *PROMO *DICE*Guides*From The VAULT* 8Sin
1	Piper of the Swarm	0,44 €	Piper of the Swarm#100
1	Pathrazer of Ulamog	1,93 €	Pathrazer of Ulamog#9Selling my Collection
1	Languish	1,07 €	Languish#114Selling my Collection
1	Thief of Sanity	2,37 €	Thief of Sanity#205Selling my Collection
2	Languish	1,17 €	Languish#031Selling my Collection
4	Ulamog's Crusher	0,13 €	Ulamog's Crusher#8Selling my Collection
1	Ugin, the Ineffable	4,80 €	Ugin, the Ineffable#2Selling my Collection
1	Flood of Tears	0,42 €	Flood of Tears#59Selling my Collection
4	Dig Through Time	3,45 €	Dig Through Time#36___ ___ ___ ___ ARCANA ___ ___ ___ ___ huge selection_strict grading_we buy cards
4	Gather the Pack	0,99 €	Gather the Pack#178Cheaper Shipping cost 1.60 inbetween EU. (4 cards max, no tracking)
1	Untethered Express	0,05 €	Untethered Express#179refund of shipping cost if letter "S" is possible. Difference to 1.30 AUT and 1.50 inbetween Europe
2	Vraska's Contempt	1,99 €	Vraska's Contempt#129Cheaper Shipping cost 1.60 inbetween EU. (4 cards max, no tracking)
1	Lazav, the Multifarious	1,99 €	Lazav, the Multifarious#184Cheaper Shipping cost 1.60€ inbetween EU! (4 cards max, no tracking)
2	Kiora, Behemoth Beckoner	0,99 €	Kiora, Behemoth Beckoner#232Cheaper Shipping cost 1.60 inbetween EU. (4 cards max, no tracking)
1	Fry	0,14 €	Fry#140Cheaper Shipping cost 1.60 inbetween EU. (4 cards max, no tracking)
1	Fry	0,99 €	Fry#140Cheaper Shipping cost 1.60 inbetween EU. (4 cards max, no tracking)
3	Bring to Light	1,30 €	Bring to Light#209
1	Hostage Taker	2,00 €	Hostage Taker#223
1	Goblin Chainwhirler	1,00 €	Goblin Chainwhirler#129
1	Temple Garden	5,00 €	Temple Garden#258exc -
3	Niv-Mizzet Reborn	5,00 €	Niv-Mizzet Reborn#208
1	Oath of Kaya	0,50 €	Oath of Kaya#209
1	Tolsimir, Friend to Wolves	1,00 €	Tolsimir, Friend to Wolves#224
1	Blast Zone	3,50 €	Blast Zone#244
1	Ashiok, Dream Render	1,00 €	Ashiok, Dream Render#228
1	Escape to the Wilds	0,20 €	Escape to the Wilds#189
4	Ox of Agonas	6,00 €	Ox of Agonas#147
1	Thassa's Oracle	2,09 €	Thassa's Oracle#73
4	Underworld Breach	3,28 €	Underworld Breach#161Estonian A+ store (V)
3	Golgari Thug	1,49 €	Golgari Thug#87
4	Bloodghast	10,49 €	Bloodghast#83
4	Shriekhorn	0,99 €	Shriekhorn#130
4	Dakmor Salvage	0,75 €	Dakmor Salvage#222
3	Insolent Neonate	0,29 €	Insolent Neonate#168
1	Insolent Neonate	0,39 €	Insolent Neonate#168
3	Cathartic Reunion	0,49 €	Cathartic Reunion#109
3	Izzet Charm	1,89 €	Izzet Charm#171
1	Golgari Thug	2,49 €	Golgari Thug#98
2	Conflagrate	0,39 €	Conflagrate#126
1	Aligned Hedron Network	0,30 €	Aligned Hedron Network#222. <<< [[[ MERFOLK TRADERS ]]] >>> . Shipping everyday in bubbles enveloppe
1	Angel of Invention	1,49 €	Angel of Invention#4Shipping everyday in bubbles enveloppe
1	Darksteel Citadel	0,70 €	Darksteel Citadel#241. <<< [[[ MERFOLK TRADERS ]]] >>> . Shipping everyday in bubbles enveloppe
2	Agent of Treachery	2,49 €	Agent of Treachery#43Shipping everyday in bubbles enveloppe
1	The Great Henge	11,49 €	The Great Henge#161Shipping everyday in bubbles enveloppe
1	Burning-Tree Emissary	0,99 €	Burning-Tree Emissary#2162 ITA
4	Nissa, Who Shakes the World	3,24 €	Nissa, Who Shakes the World#169
4	Voracious Hydra	1,74 €	Voracious Hydra#200
4	Wolfwillow Haven	0,29 €	Wolfwillow Haven#205
1	Pithing Needle	2,95 €	Pithing Needle#231_*HUGE STOCK AND FAIR GRADING*_ _*Daily Shipments - Top Packaging*_
1	Nykthos, Shrine to Nyx	18,95 €	Nykthos, Shrine to Nyx#223_*HUGE STOCK AND FAIR GRADING*_ _*Daily Shipments - Top Packaging*_
2	World Breaker	5,75 €	World Breaker#126_*HUGE STOCK AND FAIR GRADING*_ _*Daily Shipments - Top Packaging*_
4	Jadelight Ranger	1,95 €	Jadelight Ranger#136_*HUGE STOCK AND FAIR GRADING*_ _*Daily Shipments - Top Packaging*_
4	Karn, the Great Creator	4,75 €	Karn, the Great Creator#1_*HUGE STOCK AND FAIR GRADING*_ _*Daily Shipments - Top Packaging*_
4	Vivien, Arkbow Ranger	8,45 €	Vivien, Arkbow Ranger#199_*HUGE STOCK AND FAIR GRADING*_ _*Daily Shipments - Top Packaging*_
2	Stonecoil Serpent	2,75 €	Stonecoil Serpent#235_*HUGE STOCK AND FAIR GRADING*_ _*Daily Shipments - Top Packaging*_
1	Polluted Delta	17,99 €	Polluted Delta#321
3	Thought Scour	0,25 €	Thought Scour#52
1	Thought Scour	0,30 €	Thought Scour#21
1	Flooded Strand	14,90 €	Flooded Strand#316A
4	Bedlam Reveler	4,18 €	Bedlam Reveler#118
1	Flooded Strand	14,99 €	Flooded Strand#316TOP max 4
1	Wooded Foothills	17,00 €	Wooded Foothills#330
1	Wooded Foothills	16,45 €	Wooded Foothills#330
2	Kitchen Finks	1,25 €	Kitchen Finks#190
2	Ratchet Bomb	2,50 €	Ratchet Bomb#215
1	Verdurous Gearhulk	0,75 €	Verdurous Gearhulk#172
2	Stomping Ground	8,00 €	Stomping Ground#259
1	Sorcerous Spyglass	0,25 €	Sorcerous Spyglass#233
1	Shadowspear	3,50 €	Shadowspear#236
1	Steam Vents	6,48 €	Steam Vents#257
1	Polluted Delta	18,99 €	Polluted Delta#321
4	Shark Typhoon	3,50 €	Shark Typhoon#67Selling a part of my collection. Check out my other cards!
1	Umori, the Collector	0,30 €	Umori, the Collector#231Selling a part of my collection. Check out my other cards!
1	Zirda, the Dawnwaker	0,90 €	Zirda, the Dawnwaker#233Selling a part of my collection. Check out my other cards!
1	Savai Triome	5,00 €	Savai Triome#312Selling a part of my collection. Check out my other cards!
1	Zagoth Triome	6,75 €	Zagoth Triome#313Selling a part of my collection. Check out my other cards!
4	Unsubstantiate	0,49 €	Unsubstantiate#79
4	Fatal Push	2,59 €	Fatal Push#57
1	Tempest Djinn	0,98 €	Tempest Djinn#68
4	Sprite Dragon	0,69 €	Sprite Dragon#211*ikoria*
1	Raugrin Triome	6,90 €	Raugrin Triome#311*ikoria*
4	Ninja of the Deep Hours	0,50 €	Ninja of the Deep Hours#44TOP CARDS - TOP PRICES - FAST SHIPPING
4	Azorius Charm	0,35 €	Azorius Charm#192TOP CARDS - TOP PRICES - FAST SHIPPING
1	Merfolk Trickster	0,90 €	Merfolk Trickster#56TOP CARDS - TOP PRICES - FAST SHIPPING
4	Essence Capture	0,20 €	Essence Capture#37TOP CARDS - TOP PRICES - FAST SHIPPING
4	Changeling Outcast	0,20 €	Changeling Outcast#82TOP CARDS - TOP PRICES - FAST SHIPPING
2	Auspicious Starrix	0,12 €	Auspicious Starrix#144TOP CARDS - TOP PRICES - FAST SHIPPING
1	Vivien, Monsters' Advocate	6,70 €	Vivien, Monsters' Advocate#277TOP CARDS - TOP PRICES - FAST SHIPPING
1	Brokkos, Apex of Forever	1,75 €	Brokkos, Apex of Forever (V.1)#299TOP CARDS - TOP PRICES - FAST SHIPPING
1	Nethroi, Apex of Death	2,90 €	Nethroi, Apex of Death (V.1)#303TOP CARDS - TOP PRICES - FAST SHIPPING
1	Snapdax, Apex of the Hunt	1,50 €	Snapdax, Apex of the Hunt (V.1)#306TOP CARDS - TOP PRICES - FAST SHIPPING
1	Sea-Dasher Octopus	1,25 €	Sea-Dasher Octopus#286TOP CARDS - TOP PRICES - FAST SHIPPING
2	Auspicious Starrix	0,25 €	Auspicious Starrix#294TOP CARDS - TOP PRICES - FAST SHIPPING
4	Dreadhorde Invasion	0,50 €	Dreadhorde Invasion#86
4	Fires of Invention	0,30 €	Fires of Invention#125Challenger
3	Sea-Dasher Octopus	1,49 €	Sea-Dasher Octopus#286
1	Indatha Triome	5,44 €	Indatha Triome#309
1	Ketria Triome	5,98 €	Ketria Triome#310
4	Delver of Secrets / Insectile Aberration	1,25 €	Delver of Secrets / Insectile Aberration#51
4	Fallen Shinobi	0,50 €	Fallen Shinobi#199
4	Ingenious Infiltrator	0,24 €	Ingenious Infiltrator#204
4	Spectral Sailor	0,42 €	Spectral Sailor#76
4	Gray Merchant of Asphodel	0,22 €	Gray Merchant of Asphodel#99
1	Gemrazer	1,00 €	Gemrazer#155
4	Flourishing Fox	0,17 €	Flourishing Fox#13
4	Zenith Flare	0,15 €	Zenith Flare#217
4	Migratory Greathorn	0,10 €	Migratory Greathorn#297
4	Temple of Silence	1,71 €	Temple of Silence#227Over 100.000 cards for sale
4	Brain Maggot	0,47 €	Brain Maggot#62Over 100.000 cards for sale
3	Lost Legacy	0,50 €	Lost Legacy#88Over 100.000 cards for sale
2	Trial of Ambition	0,25 €	Trial of Ambition#113Over 100.000 cards for sale
2	Blood Baron of Vizkopa	0,56 €	Blood Baron of Vizkopa#195Over 100.000 cards for sale
4	History of Benalia	3,32 €	History of Benalia#21Over 100.000 cards for sale
2	Kaya's Wrath	1,56 €	Kaya's Wrath#187Over 100.000 cards for sale
4	Oath of Kaya	0,75 €	Oath of Kaya#209Over 100.000 cards for sale
4	Doom Foretold	0,50 €	Doom Foretold#187Over 100.000 cards for sale
1	Castle Ardenvale	2,87 €	Castle Ardenvale#238Over 100.000 cards for sale
2	Castle Locthwain	2,45 €	Castle Locthwain#241Over 100.000 cards for sale
4	Aphemia, the Cacophony	0,50 €	Aphemia, the Cacophony#84Over 100.000 cards for sale
4	Treacherous Blessing	0,50 €	Treacherous Blessing#117Over 100.000 cards for sale
4	Tymaret Calls the Dead	0,50 €	Tymaret Calls the Dead#118Over 100.000 cards for sale
1	The Birth of Meletis	0,25 €	The Birth of Meletis#5Over 100.000 cards for sale
2	Agonizing Remorse	0,50 €	Agonizing Remorse#83Over 100.000 cards for sale
2	Elspeth's Nightmare	0,50 €	Elspeth's Nightmare#91Over 100.000 cards for sale
1	Sun Titan	0,99 €	Sun Titan#101Envoi rapide / ship fast- Pro seller
1	Jace, Architect of Thought	0,99 €	Jace, Architect of Thought#114Envoi rapide / ship fast- Pro seller
1	The Locust God	2,99 €	The Locust God#219Envoi rapide / ship fast- Pro seller
1	Reveillark	0,69 €	Reveillark#97Envoi rapide / ship fast- Pro seller
1	Swarm Intelligence	0,39 €	Swarm Intelligence#124Envoi rapide / ship fast- Pro seller
1	Sublime Epiphany	1,69 €	Sublime Epiphany#74Sorties booster - 100 euros achetés, 1 booster offert - Commandes rassemblées en une seule
1	Jolrael, Mwonvuli Recluse	0,29 €	Jolrael, Mwonvuli Recluse#191Sorties booster - 100 euros achetés, 1 booster offert - Commandes rassemblées en une seule
3	Fabled Passage	3,99 €	Fabled Passage#246Sorties booster - 100 euros achetés, 1 booster offert - Commandes rassemblées en une seule
4	Cultivate	0,23 €	Cultivate#177Sorties booster - 100 euros achetés, 1 booster offert - Commandes rassemblées en une seule
4	Lotus Petal	4,20 €	Lotus Petal
4	Inquisition of Kozilek	2,95 €	Inquisition of Kozilek#115
4	Lingering Souls	0,25 €	Lingering Souls#12
2	Sunken Hollow	1,95 €	Sunken Hollow#249
1	Heart of Kiran	0,45 €	Heart of Kiran#153
1	Liquimetal Coating	0,90 €	Liquimetal Coating#197
1	Creeping Tar Pit	2,45 €	Creeping Tar Pit#239
1	Blast Zone	2,45 €	Blast Zone#244
3	Timely Reinforcements	0,59 €	Timely Reinforcements#40
4	Lava Spike	2,50 €	Lava Spike#178
4	Spellstutter Sprite	3,00 €	Spellstutter Sprite#89
1	Logic Knot	0,97 €	Logic Knot#51
2	Sorin, Solemn Visitor	3,48 €	Sorin, Solemn Visitor#202
2	Shambling Vent	1,17 €	Shambling Vent#244
4	Hidden Stockpile	0,25 €	Hidden Stockpile#129
4	Legion's Landing / Adanto, the First Fort	1,91 €	Legion's Landing / Adanto, the First Fort#22
1	Finale of Revelation	1,50 €	Finale of Revelation#51
1	Finale of Promise	2,43 €	Finale of Promise#127
4	Faerie Seer	0,25 €	Faerie Seer#51
4	Gilded Goose	3,51 €	Gilded Goose#160
4	Cabal Therapy	1,00 €	Cabal Therapy#83
2	Cling to Dust	0,25 €	Cling to Dust#87
4	Shivan Reef	2,15 €	Shivan Reef#310
4	Stormwing Entity	1,42 €	Stormwing Entity#73
4	Thieves' Guild Enforcer	1,00 €	Thieves' Guild Enforcer#125
1	Solemn Simulacrum	2,13 €	Solemn Simulacrum#239
2	Murderous Rider // Swift End	2,10 €	Murderous Rider // Swift End#97
1	Kogla, the Titan Ape	1,52 €	Kogla, the Titan Ape#162
4	Llanowar Visionary	0,56 €	Llanowar Visionary#193
2	The Scarab God	11,29 €	The Scarab God#216
1	Flooded Grove	3,78 €	Flooded Grove#318
4	Time Warp	10,00 €	Time Warp#75
2	Thing in the Ice / Awoken Horror	7,00 €	Thing in the Ice / Awoken Horror#92
2	Gigadrowse	0,25 €	Gigadrowse#26
1	Liliana's Devotee	0,25 €	Liliana's Devotee#109
4	Path to Exile	2,50 €	Path to Exile#25
1	Silence	1,99 €	Silence#31Q8/RANDOM cards as GIFT with EVERY order.
2	Howling Mine	2,49 €	Howling Mine#212Q5/RANDOM cards as GIFT with EVERY order.
2	Silence	3,08 €	Silence#35Q11/RANDOM cards as GIFT with EVERY order.
3	Temporal Mastery	3,85 €	Temporal Mastery#54M/NM - Fast & Safe Shipping
1	Liliana, Death's Majesty	2,79 €	Liliana, Death's Majesty#97M/NM - Fast & Safe Shipping
2	Exhaustion	0,88 €	Exhaustion#74
2	Part the Waterveil	1,38 €	Part the Waterveil#80
2	Remand	1,90 €	Remand#5520JP
4	Slitherwisp	0,45 €	Slitherwisp#208
4	Zagoth Mamba	0,20 €	Zagoth Mamba#106
4	Cunning Nightbonder	0,24 €	Cunning Nightbonder#219
3	Dirge Bat	0,35 €	Dirge Bat (V.1)#289
4	Pouncing Shoreshark	0,20 €	Pouncing Shoreshark#285
4	Insatiable Hemophage	0,20 €	Insatiable Hemophage#290
3	Delirium Skeins	0,14 €	Delirium Skeins#41Fastest and cheapest shipping in Europe!
4	Smallpox	0,12 €	Smallpox#61Shipping next business day #g#
1	Bontu's Last Reckoning	1,93 €	Bontu's Last Reckoning#60*** Shipping today ! ***
1	Arguel's Blood Fast / Temple of Aclazotz	0,14 €	Arguel's Blood Fast / Temple of Aclazotz#90Shipping next bussines day
4	Llanowar Elves	0,10 €	Llanowar Elves#168shipping next bussiness day
2	Burglar Rat	0,10 €	Burglar Rat#64Shipping next business day #5#
1	Kaya, Orzhov Usurper	4,11 €	Kaya, Orzhov Usurper#186*** Shipping today ! ***
2	Mobilized District	0,15 €	Mobilized District#249FULL WAR offer
4	Davriel, Rogue Shadowmage	0,15 €	Davriel, Rogue Shadowmage#83FULL WAR offer
4	Temple of Triumph	0,35 €	Temple of Triumph#257Shipping next business day
1	Overgrown Tomb	7,50 €	Overgrown Tomb#253Fastest and cheapest shipping in Europe!
2	Rankle, Master of Pranks	6,48 €	Rankle, Master of Pranks#101Shipping next business day
2	Castle Locthwain	1,75 €	Castle Locthwain#241*** Shipping today ! ***
4	Wrench Mind	0,13 €	Wrench Mind#115Shipping next business day #5#
2	Temple of Deceit	1,90 €	Temple of Deceit#245Shipping next business day
4	Mire Triton	0,15 €	Mire Triton#105Shipping next business day
1	Dream Trawler	2,95 €	Dream Trawler#336Shipping next business day
2	Neutralize	0,15 €	Neutralize#59Shipping next business day
4	Liliana, Waker of the Dead	6,49 €	Liliana, Waker of the Dead#108Shipping next business day
2	Eliminate	0,53 €	Eliminate#97Shipping next business day
2	Village Rites	0,10 €	Village Rites#126Shipping next business day
3	Temple of Malady	1,13 €	Temple of Malady#388Shipping next business day
2	The Rack	1,99 €	The RackOver 100.000 cards for sale
1	Mind's Desire	0,45 €	Mind's Desire#41Over 100.000 cards for sale
4	Raven's Crime	0,92 €	Raven's Crime#41Over 100.000 cards for sale
4	Nettle Sentinel	0,35 €	Nettle Sentinel#71Over 100.000 cards for sale
1	Jace Beleren	2,72 €	Jace Beleren#58Over 100.000 cards for sale
4	Shrieking Affliction	1,32 €	Shrieking Affliction#76Over 100.000 cards for sale
1	Immortal Servitude	0,84 €	Immortal Servitude#220Over 100.000 cards for sale
1	Immortal Servitude	0,93 €	Immortal Servitude#220Over 100.000 cards for sale
4	Cartel Aristocrat	0,43 €	Cartel Aristocrat#150Over 100.000 cards for sale
3	Rally the Ancestors	1,32 €	Rally the Ancestors#22Over 100.000 cards for sale
3	Gifted Aetherborn	1,94 €	Gifted Aetherborn#61Over 100.000 cards for sale
4	Dread Wanderer	1,80 €	Dread Wanderer#88Over 100.000 cards for sale
1	Ral, Izzet Viceroy	1,85 €	Ral, Izzet Viceroy#195Over 100.000 cards for sale
1	Deputy of Detention	1,73 €	Deputy of Detention#165Over 100.000 cards for sale
4	Cruel Celebrant	0,25 €	Cruel Celebrant#188Over 100.000 cards for sale
2	Knight of the Ebon Legion	2,30 €	Knight of the Ebon Legion#105Over 100.000 cards for sale
4	Corpse Knight	0,25 €	Corpse Knight#206Over 100.000 cards for sale
2	Castle Garenbrig	3,18 €	Castle Garenbrig#240Over 100.000 cards for sale
2	Cauldron Familiar	0,50 €	Cauldron Familiar#81Over 100.000 cards for sale
4	Storm's Wrath	0,69 €	Storm's Wrath#157Over 100.000 cards for sale
1	Dream Trawler	1,76 €	Dream Trawler#214Over 100.000 cards for sale
2	Call of the Death-Dweller	0,42 €	Call of the Death-Dweller#78Over 100.000 cards for sale
2	Heartless Act	0,84 €	Heartless Act#91Over 100.000 cards for sale
1	Sublime Epiphany	2,24 €	Sublime Epiphany#74Over 100.000 cards for sale
1	Eliminate	0,78 €	Eliminate#97Over 100.000 cards for sale
4	Silversmote Ghoul	0,25 €	Silversmote Ghoul#122Over 100.000 cards for sale
4	Frantic Inventory	0,20 €	Frantic Inventory#50Over 100.000 cards for sale
4	Lofty Denial	0,20 €	Lofty Denial#56Over 100.000 cards for sale
2	Abrade	0,32 €	Abrade#114Over 100.000 cards for sale
2	God-Eternal Kefnet	2,70 €	God-Eternal Kefnet#53New seller, atractive price! Only inside European Union please.
1	Angrath's Rampage	0,20 €	Angrath's Rampage#185New seller, atractive price! Only inside European Union please.
1	Oath of Nissa	2,95 €	Oath of Nissa#140
2	Spawn of Mayhem	2,39 €	Spawn of Mayhem#85
1	The Rack	0,60 €	The Rack
1	The Rack	0,80 €	The Rack
1	Ensnaring Bridge	14,60 €	Ensnaring Bridge#253
4	Tormod's Crypt	0,45 €	Tormod's Crypt
2	Shard Volley	1,00 €	Shard Volley#103
4	Spite of Mogis	0,25 €	Spite of Mogis#113
2	Monastery Swiftspear	1,70 €	Monastery Swiftspear#118
4	Gut Shot	1,00 €	Gut Shot#117
3	Cathartic Reunion	0,25 €	Cathartic Reunion#109
1	Soul-Scar Mage	2,00 €	Soul-Scar Mage#148
4	Flameblade Adept	0,35 €	Flameblade Adept#131
4	Hollow One	2,00 €	Hollow One#163
1	Monastery Swiftspear	1,90 €	Monastery Swiftspear#140
4	Street Wraith	3,40 €	Street Wraith#108
3	The Flame of Keld	0,60 €	The Flame of Keld#123
3	Wizard's Lightning	1,80 €	Wizard's Lightning#152
2	Damping Sphere	1,60 €	Damping Sphere#213
4	Young Pyromancer	1,20 €	Young Pyromancer#155
4	Faithless Looting	0,80 €	Faithless Looting#128
4	Fiery Temper	0,20 €	Fiery Temper#129
2	Oust	0,39 €	Oust#40Shipping Every Day - Best Service
4	Condemn	0,24 €	Condemn#11Shipping Every Day - Best Service
1	Sphinx's Revelation	3,99 €	Sphinx's Revelation#200Shipping Every Day - Best Service
4	Dispel	0,24 €	Dispel#36Shipping Every Day - Best Service
4	Coiling Oracle	0,24 €	Coiling Oracle#51Shipping Every Day - Best Service
2	Remand	5,49 €	Remand#55Shipping Every Day - Best Service
2	Azorius Chancery	0,24 €	Azorius Chancery#235Shipping Every Day - Best Service
2	Yavimaya Coast	1,99 €	Yavimaya Coast#252Shipping Every Day - Best Service
2	Lumbering Falls	0,94 €	Lumbering Falls#239Shipping Every Day - Best Service
2	Lumbering Falls	0,99 €	Lumbering Falls#239Shipping Every Day - Best Service
2	Fortified Village	1,49 €	Fortified Village#274Shipping Every Day - Best Service
2	Nature's Claim	0,24 €	Nature's Claim#178Shipping Every Day - Best Service
1	Torrential Gearhulk	4,99 €	Torrential Gearhulk#67Shipping Every Day - Best Service
2	Selesnya Sanctuary	0,19 €	Selesnya Sanctuary#125Shipping Every Day - Best Service
4	Mystical Teachings	0,14 €	Mystical Teachings#44Shipping Every Day - Best Service
1	Nissa, Steward of Elements	3,99 €	Nissa, Steward of Elements#204Shipping Every Day - Best Service
4	Crash Through	0,14 €	Crash Through#88Shipping Every Day - Best Service
1	Restoration Angel	2,99 €	Restoration Angel#28Shipping Every Day - Best Service
4	Lead the Stampede	0,24 €	Lead the Stampede#173Shipping Every Day - Best Service
1	Blue Sun's Zenith	0,99 €	Blue Sun's Zenith#44Shipping Every Day - Best Service
1	Pendelhaven	3,49 €	Pendelhaven#244Shipping Every Day - Best Service
2	Treetop Village	0,24 €	Treetop Village#030Shipping Every Day - Best Service
1	Hinterland Harbor	4,99 €	Hinterland Harbor#240Shipping Every Day - Best Service
2	Seal Away	0,49 €	Seal Away#31Shipping Every Day - Best Service
2	Spell Snare	1,49 €	Spell Snare#132Shipping Every Day - Best Service
3	Simic Growth Chamber	0,24 €	Simic Growth Chamber#282Shipping Every Day - Best Service
4	Explore	0,24 €	Explore#143Shipping Every Day - Best Service
2	Mission Briefing	2,49 €	Mission Briefing#44Shipping Every Day - Best Service
3	Stirring Wildwood	0,79 €	Stirring Wildwood#251Shipping Every Day - Best Service
2	Rune Snag	0,19 €	Rune Snag#68Shipping Every Day - Best Service
1	Pulse of Murasa	0,14 €	Pulse of Murasa#179Shipping Every Day - Best Service
4	Wilderness Reclamation	0,99 €	Wilderness Reclamation#149* Shipping Every Day - Best Service *
3	Frilled Mystic	0,24 €	Frilled Mystic#174Shipping Every Day - Best Service
1	Teferi, Time Raveler	12,99 €	Teferi, Time Raveler#221Shipping Every Day - Best Service
2	Creeping Mold	0,20 €	Creeping Mold
1	Defense Grid	4,75 €	Defense Grid#296
1	Defense Grid	4,99 €	Defense Grid#296
1	Silent Arbiter	3,49 €	Silent Arbiter#150
1	Stampeding Serow	0,20 €	Stampeding Serow#150
1	Acidic Slime	0,49 €	Acidic Slime#159
4	Arbor Elf	0,49 €	Arbor Elf#160
1	Scavenging Ooze	4,25 €	Scavenging Ooze#195
2	Bramblecrush	0,20 €	Bramblecrush#165
4	Elvish Mystic	0,20 €	Elvish Mystic#173
2	Gaea's Revenge	0,49 €	Gaea's Revenge#177
4	Smash to Smithereens	0,30 €	Smash to Smithereens#163
4	Primal Command	0,99 €	Primal Command#20
4	Voyaging Satyr	0,20 €	Voyaging Satyr#195
2	Cloudthresher	0,20 €	Cloudthresher#6
4	Guttural Response	1,49 €	Guttural Response#56
2	Grim Lavamancer	8,49 €	Grim Lavamancer#50
2	Thragtusk	1,79 €	Thragtusk#75
4	Utopia Sprawl	3,49 €	Utopia Sprawl#192
1	Scavenging Ooze	4,25 €	Scavenging Ooze#143
3	Plow Under	1,81 €	Plow Under#117!!! New name, still the same. As of 03.2019 we are BB-Spiele!
1	Silent Arbiter	3,89 €	Silent Arbiter#150!!! New name, still the same. As of 03.2019 we are BB-Spiele!
1	Mwonvuli Acid-Moss	1,55 €	Mwonvuli Acid-Moss#207!!! New name, still the same. As of 03.2019 we are BB-Spiele!
3	Mwonvuli Acid-Moss	2,22 €	Mwonvuli Acid-Moss#207!!! New name, still the same. As of 03.2019 we are BB-Spiele!
4	Raking Canopy	1,81 €	Raking Canopy#127!!! New name, still the same. As of 03.2019 we are BB-Spiele!
1	Creeping Corrosion	1,98 €	Creeping Corrosion#78!!! New name, still the same. As of 03.2019 we are BB-Spiele!
1	Creeping Corrosion	2,28 €	Creeping Corrosion#78!!! New name, still the same. As of 03.2019 we are BB-Spiele!
1	Hornet Queen	4,29 €	Hornet Queen#178!!! New name, still the same. As of 03.2019 we are BB-Spiele!
1	Nissa, Vital Force	5,82 €	Nissa, Vital Force#163!!! New name, still the same. As of 03.2019 we are BB-Spiele!
1	Nissa, Vital Force Emblem	0,49 €	Nissa, Vital Force Emblem#T11!!! New name, still the same. As of 03.2019 we are BB-Spiele!
2	Hazoret the Fervent	4,49 €	Hazoret the Fervent#136!!! New name, still the same. As of 03.2019 we are BB-Spiele!
4	Eternal Witness	3,16 €	Eternal Witness#163!!! New name, still the same. As of 03.2019 we are BB-Spiele!
1	Krakilin	0,15 €	Krakilin
3	Nantuko Husk	0,19 €	Nantuko Husk#159
1	Unsummon	0,45 €	Unsummon#79Bellissimo!!!
1	Unsummon	0,14 €	Unsummon#75
4	Lightning Strike	0,19 €	Lightning Strike#155
4	Sidisi, Brood Tyrant	1,25 €	Sidisi, Brood Tyrant#199
1	Sidisi, Brood Tyrant	0,89 €	Sidisi, Brood Tyrant#199
3	End Hostilities	0,35 €	End Hostilities#8
3	Bloodsoaked Champion	0,79 €	Bloodsoaked Champion#66
1	Chief of the Edge	0,15 €	Chief of the Edge#169
1	Chief of the Edge	0,30 €	Chief of the Edge#169Lots of foils and promo's!
4	Aven Skirmisher	0,10 €	Aven Skirmisher#6
1	Gurmag Angler	0,45 €	Gurmag Angler#72
4	Blood-Chin Fanatic	0,25 €	Blood-Chin Fanatic#88
1	Llanowar Wastes	1,25 €	Llanowar Wastes#248
3	Elvish Visionary	0,15 €	Elvish Visionary#175
2	Cataclysmic Gearhulk	1,89 €	Cataclysmic Gearhulk#9
2	Skysovereign, Consul Flagship	2,95 €	Skysovereign, Consul Flagship#234
4	Aerial Responder	0,15 €	Aerial Responder#2
4	Refurbish	0,14 €	Refurbish#25
4	Glimmer of Genius	0,49 €	Glimmer of Genius#49
4	Submerged Boneyard	0,15 €	Submerged Boneyard#194
1	Glyph Keeper	0,20 €	Glyph Keeper#55
4	Sacred Cat	0,12 €	Sacred Cat#27
4	Essence Scatter	0,12 €	Essence Scatter#52
4	Magma Spray	0,15 €	Magma Spray#141
4	Angel of Condemnation	0,49 €	Angel of Condemnation#3
2	Sunscourge Champion	0,15 €	Sunscourge Champion#26
4	Farm // Market	0,15 €	Farm // Market#148
4	Strategic Planning	0,15 €	Strategic Planning#47
1	Unsummon	0,45 €	Unsummon#54
3	Unsummon	0,12 €	Unsummon#54
4	Harmonize	0,10 €	Harmonize#151
7	Chart a Course	0,35 €	Chart a Course#48
4	Favorable Winds	0,15 €	Favorable Winds#56
4	Lookout's Dispersal	0,20 €	Lookout's Dispersal#62
3	Siren Stormtamer	0,75 €	Siren Stormtamer#79
4	Storm Fleet Aerialist	0,19 €	Storm Fleet Aerialist#83
4	Kitesail Freebooter	0,35 €	Kitesail Freebooter#110
4	Walk the Plank	0,39 €	Walk the Plank#130
2	Opt	0,35 €	Opt#65
1	Siren's Ruse	0,30 €	Siren's Ruse#80
1	Siren's Ruse	0,10 €	Siren's Ruse#80
2	Snapcaster Mage	trade	
4	Windswepth Heath	trade	
1	Trinisphere	trade	
2	Garruk Wildspeaker 	trade	
4	Sleight of Hand	trade	
4	Serum Visions	trade	
2	Cryptic command	store bought (japan)	
2	Walking Ballista	store bought (japan)	
2	Courser of Kruphix	store bought (japan)	
8	Opt	draft	
8	Shock	draft	
1	Monastery Swiftspear	packs	
2	Unmoored Ego	draft	
1	Assassin's Trophy	draft	
1	Izzet Charm	store bought (germany)	
2	Teferi, Time Raveler	draft	
1	Arclight Phoenix	draft	
1	Arclight Phoenix	preconstructed	
4	Lightning Axe	store bought	
4	Crackling Drake	preconstructed	
4	Aether Gust	preconstructed	
4	Disdainful Stroke	preconstructed	
8	Negate	draft	
1	Drown in the Loch	packs	
255	Island		
255	Mountain		
255	Swamp		
255	Plains		
255	Forest		
